loss,hyperparameters,iteration,runtime,score,std
0.5720395611803083,"{'boosting_type': 'goss', 'colsample_bytree': 0.6562246176979176, 'learning_rate': 0.2097984261833972, 'limit_max_depth': True, 'max_depth': 18, 'min_child_samples': 15, 'num_leaves': 8, 'reg_alpha': 0.9010848207406882, 'reg_lambda': 0.49616366287517, 'subsample_for_bin': 26000, 'subsample': 1.0, 'subsample_freq': 0, 'n_estimators': 60}",1,1.3244167359794976,0.4279604388196917,0.01964926065220931
0.55758551104031,"{'boosting_type': 'gbdt', 'colsample_bytree': 0.5487192982606235, 'learning_rate': 0.17081982052799774, 'limit_max_depth': False, 'max_depth': -1, 'min_child_samples': 65, 'num_leaves': 11, 'reg_alpha': 0.7774369355676981, 'reg_lambda': 0.8178590596590943, 'subsample_for_bin': 54000, 'subsample': 0.7532840172428598, 'subsample_freq': 7, 'n_estimators': 84}",2,1.850018139105424,0.44241448895969004,0.02348975946095619
0.5739703291182356,"{'boosting_type': 'goss', 'colsample_bytree': 0.685201402985592, 'learning_rate': 0.20555116254032457, 'limit_max_depth': False, 'max_depth': -1, 'min_child_samples': 60, 'num_leaves': 39, 'reg_alpha': 0.020573174611795086, 'reg_lambda': 0.04159439591436409, 'subsample_for_bin': 28000, 'subsample': 1.0, 'subsample_freq': 0, 'n_estimators': 45}",3,1.1776704651545618,0.4260296708817643,0.018799812545894537
0.570911904023628,"{'boosting_type': 'goss', 'colsample_bytree': 0.5496322297963376, 'learning_rate': 0.03592421285609668, 'limit_max_depth': True, 'max_depth': 18, 'min_child_samples': 5, 'num_leaves': 34, 'reg_alpha': 0.18595978217875353, 'reg_lambda': 0.8083616717562501, 'subsample_for_bin': 68000, 'subsample': 1.0, 'subsample_freq': 0, 'n_estimators': 56}",4,2.9010001180324827,0.429088095976372,0.02524361904788619
0.5606693408782429,"{'boosting_type': 'gbdt', 'colsample_bytree': 0.87853648186466, 'learning_rate': 0.2247503272140082, 'limit_max_depth': True, 'max_depth': 10, 'min_child_samples': 50, 'num_leaves': 14, 'reg_alpha': 0.7528051939011908, 'reg_lambda': 0.02957996065870272, 'subsample_for_bin': 56000, 'subsample': 0.5351279194425085, 'subsample_freq': 4, 'n_estimators': 69}",5,1.8987897920457144,0.43933065912175706,0.00692527901449016
0.5670329709091924,"{'boosting_type': 'gbdt', 'colsample_bytree': 0.5754945242305685, 'learning_rate': 0.18359738657478086, 'limit_max_depth': False, 'max_depth': -1, 'min_child_samples': 70, 'num_leaves': 24, 'reg_alpha': 0.9894268932050493, 'reg_lambda': 0.3926784611318308, 'subsample_for_bin': 14000, 'subsample': 0.5001408436623087, 'subsample_freq': 1, 'n_estimators': 66}",6,1.5723995056057518,0.43296702909080764,0.011128703208112432
0.577542199969632,"{'boosting_type': 'dart', 'colsample_bytree': 0.8893978114318257, 'learning_rate': 0.08137665405499722, 'limit_max_depth': True, 'max_depth': 9, 'min_child_samples': 10, 'num_leaves': 3, 'reg_alpha': 0.7936467982974299, 'reg_lambda': 0.4048907881829634, 'subsample_for_bin': 26000, 'drop_rate': 0.2557408937712732, 'subsample': 0.7239254878589401, 'subsample_freq': 4, 'n_estimators': 82}",7,2.3258129141745956,0.422457800030368,0.007763591219504682
0.5910119413664765,"{'boosting_type': 'goss', 'colsample_bytree': 0.9896763716184416, 'learning_rate': 0.050445274925459443, 'limit_max_depth': False, 'max_depth': -1, 'min_child_samples': 35, 'num_leaves': 30, 'reg_alpha': 0.5526524696138883, 'reg_lambda': 0.03224478014286869, 'subsample_for_bin': 12000, 'subsample': 1.0, 'subsample_freq': 0, 'n_estimators': 44}",8,1.7427230606651478,0.40898805863352344,0.011023103193685208
0.5629598102933507,"{'boosting_type': 'gbdt', 'colsample_bytree': 0.6885354727949902, 'learning_rate': 0.19365123949149035, 'limit_max_depth': True, 'max_depth': 8, 'min_child_samples': 10, 'num_leaves': 46, 'reg_alpha': 0.8256336227630872, 'reg_lambda': 0.8161029720568902, 'subsample_for_bin': 32000, 'subsample': 0.6552690992780513, 'subsample_freq': 3, 'n_estimators': 62}",9,2.6286482596525076,0.43704018970664926,0.007910684860716615
0.5495437560798826,"{'boosting_type': 'dart', 'colsample_bytree': 0.5911525142427115, 'learning_rate': 0.11253036552723669, 'limit_max_depth': True, 'max_depth': 5, 'min_child_samples': 5, 'num_leaves': 26, 'reg_alpha': 0.8254533301979425, 'reg_lambda': 0.7933006471409256, 'subsample_for_bin': 26000, 'drop_rate': 0.24467120662975536, 'subsample': 0.6019968205372178, 'subsample_freq': 6, 'n_estimators': 93}",10,5.692431038831899,0.4504562439201174,0.024095539716513317
0.5803758402245447,"{'boosting_type': 'goss', 'colsample_bytree': 0.6180703915824317, 'learning_rate': 0.03406585249366554, 'limit_max_depth': True, 'max_depth': 28, 'min_child_samples': 70, 'num_leaves': 37, 'reg_alpha': 0.13293240762704406, 'reg_lambda': 0.40912495365461, 'subsample_for_bin': 92000, 'subsample': 1.0, 'subsample_freq': 0, 'n_estimators': 36}",11,1.2541263800227482,0.4196241597754553,0.03393056857782116
0.5655562680675812,"{'boosting_type': 'dart', 'colsample_bytree': 0.6738400335781483, 'learning_rate': 0.1396130729214779, 'limit_max_depth': True, 'max_depth': 20, 'min_child_samples': 75, 'num_leaves': 17, 'reg_alpha': 0.8085159904989137, 'reg_lambda': 0.9578578612153927, 'subsample_for_bin': 16000, 'drop_rate': 0.28922220022877465, 'subsample': 0.5471666447687833, 'subsample_freq': 2, 'n_estimators': 150}",12,7.503480616026908,0.43444373193241875,0.013907010069664305
0.5691079040623237,"{'boosting_type': 'gbdt', 'colsample_bytree': 0.8424196381071363, 'learning_rate': 0.05948155700729312, 'limit_max_depth': False, 'max_depth': -1, 'min_child_samples': 15, 'num_leaves': 10, 'reg_alpha': 0.21116426005877098, 'reg_lambda': 0.28591440795991485, 'subsample_for_bin': 28000, 'subsample': 0.7981922765621863, 'subsample_freq': 5, 'n_estimators': 86}",13,2.1821947014863783,0.43089209593767636,0.013967623616900808
0.5615154765431494,"{'boosting_type': 'dart', 'colsample_bytree': 0.5312878089073401, 'learning_rate': 0.06537665662453568, 'limit_max_depth': True, 'max_depth': 34, 'min_child_samples': 30, 'num_leaves': 20, 'reg_alpha': 0.0462606303852402, 'reg_lambda': 0.24737068207639057, 'subsample_for_bin': 10000, 'drop_rate': 0.17403603776601653, 'subsample': 0.6916616361796566, 'subsample_freq': 2, 'n_estimators': 42}",14,3.074549473176421,0.43848452345685063,0.0114723710535142
0.5579657603794748,"{'boosting_type': 'goss', 'colsample_bytree': 0.8100500052371833, 'learning_rate': 0.23818248901544417, 'limit_max_depth': True, 'max_depth': 27, 'min_child_samples': 65, 'num_leaves': 8, 'reg_alpha': 0.9940168304207542, 'reg_lambda': 0.05274054969895969, 'subsample_for_bin': 38000, 'subsample': 1.0, 'subsample_freq': 0, 'n_estimators': 139}",15,1.9642214731480068,0.44203423962052524,0.023131711340341702
0.5820151538610406,"{'boosting_type': 'gbdt', 'colsample_bytree': 0.5140016222220557, 'learning_rate': 0.24554180749836835, 'limit_max_depth': True, 'max_depth': 2, 'min_child_samples': 50, 'num_leaves': 28, 'reg_alpha': 0.061446159526226785, 'reg_lambda': 0.18723808558532684, 'subsample_for_bin': 90000, 'subsample': 0.8878175143975833, 'subsample_freq': 3, 'n_estimators': 80}",16,1.1903216523284186,0.41798484613895937,0.028078657284630673
0.5706090765142,"{'boosting_type': 'goss', 'colsample_bytree': 0.6068490983565298, 'learning_rate': 0.23704303880217872, 'limit_max_depth': False, 'max_depth': -1, 'min_child_samples': 35, 'num_leaves': 46, 'reg_alpha': 0.1593405037915827, 'reg_lambda': 0.7440195797164152, 'subsample_for_bin': 86000, 'subsample': 1.0, 'subsample_freq': 0, 'n_estimators': 35}",17,1.3829091335428985,0.4293909234858,0.013286271335105647
0.5485791262023395,"{'boosting_type': 'gbdt', 'colsample_bytree': 0.5732196032263608, 'learning_rate': 0.07821786220751818, 'limit_max_depth': True, 'max_depth': 15, 'min_child_samples': 20, 'num_leaves': 47, 'reg_alpha': 0.5884278776227748, 'reg_lambda': 0.2385578601150551, 'subsample_for_bin': 60000, 'subsample': 0.7906966783410859, 'subsample_freq': 7, 'n_estimators': 58}",18,3.018212688215425,0.4514208737976605,0.022659096214516828
0.5639634481926713,"{'boosting_type': 'dart', 'colsample_bytree': 0.6036429784173395, 'learning_rate': 0.23966463125222845, 'limit_max_depth': False, 'max_depth': -1, 'min_child_samples': 20, 'num_leaves': 44, 'reg_alpha': 0.014221453433473141, 'reg_lambda': 0.4788952933423093, 'subsample_for_bin': 58000, 'drop_rate': 0.3234422082194233, 'subsample': 0.5434210664894932, 'subsample_freq': 9, 'n_estimators': 51}",19,6.403786276730512,0.4360365518073287,0.01816809610669591
0.5767836567417042,"{'boosting_type': 'goss', 'colsample_bytree': 0.5859037050114533, 'learning_rate': 0.04570538575579126, 'limit_max_depth': True, 'max_depth': 15, 'min_child_samples': 70, 'num_leaves': 15, 'reg_alpha': 0.018476784184465522, 'reg_lambda': 0.4235752375701608, 'subsample_for_bin': 38000, 'subsample': 1.0, 'subsample_freq': 0, 'n_estimators': 44}",20,1.1863157325455063,0.4232163432582959,0.01432302361061334
0.5904640913117507,"{'boosting_type': 'dart', 'colsample_bytree': 0.7544417891937312, 'learning_rate': 0.10813520819921985, 'limit_max_depth': True, 'max_depth': 2, 'min_child_samples': 25, 'num_leaves': 23, 'reg_alpha': 0.5490123180983024, 'reg_lambda': 0.5998500210181358, 'subsample_for_bin': 72000, 'drop_rate': 0.44153265271548753, 'subsample': 0.9956111004302556, 'subsample_freq': 9, 'n_estimators': 100}",21,3.867671692850263,0.40953590868824924,0.022288122108542165
0.5671710107569208,"{'boosting_type': 'dart', 'colsample_bytree': 0.746822711891411, 'learning_rate': 0.10467230092429392, 'limit_max_depth': True, 'max_depth': 13, 'min_child_samples': 25, 'num_leaves': 31, 'reg_alpha': 0.3691791412700523, 'reg_lambda': 0.6232272384056083, 'subsample_for_bin': 46000, 'drop_rate': 0.1063894966902379, 'subsample': 0.9431177316754208, 'subsample_freq': 6, 'n_estimators': 138}",22,7.414041996667459,0.4328289892430792,0.020685867739729823
0.5633025980256205,"{'boosting_type': 'gbdt', 'colsample_bytree': 0.5029011513680689, 'learning_rate': 0.08882254463570753, 'limit_max_depth': True, 'max_depth': 5, 'min_child_samples': 5, 'num_leaves': 41, 'reg_alpha': 0.6661328778060727, 'reg_lambda': 0.9572750633480271, 'subsample_for_bin': 76000, 'subsample': 0.9784173965088223, 'subsample_freq': 10, 'n_estimators': 50}",23,1.914096038964135,0.4366974019743794,0.01946896814522757
0.5656155790035675,"{'boosting_type': 'dart', 'colsample_bytree': 0.6380136272717591, 'learning_rate': 0.14254133299767177, 'limit_max_depth': True, 'max_depth': 13, 'min_child_samples': 40, 'num_leaves': 34, 'reg_alpha': 0.4429793897727603, 'reg_lambda': 0.15980692309512878, 'subsample_for_bin': 46000, 'drop_rate': 0.48548850341070504, 'subsample': 0.8558944973472686, 'subsample_freq': 7, 'n_estimators': 76}",24,9.412964150890513,0.4343844209964325,0.02042191680531515
0.5571151199253508,"{'boosting_type': 'dart', 'colsample_bytree': 0.7296278306158461, 'learning_rate': 0.1097628813049313, 'limit_max_depth': True, 'max_depth': 23, 'min_child_samples': 20, 'num_leaves': 50, 'reg_alpha': 0.6562982545926476, 'reg_lambda': 0.6856322790785541, 'subsample_for_bin': 62000, 'drop_rate': 0.39526198818238223, 'subsample': 0.6503639627353427, 'subsample_freq': 4, 'n_estimators': 35}",25,6.344617501730022,0.44288488007464916,0.019356532301295273
0.5529800612372067,"{'boosting_type': 'gbdt', 'colsample_bytree': 0.7165996657808924, 'learning_rate': 0.02643840869412423, 'limit_max_depth': True, 'max_depth': 4, 'min_child_samples': 5, 'num_leaves': 25, 'reg_alpha': 0.36955255390066744, 'reg_lambda': 0.5978363245564536, 'subsample_for_bin': 4000, 'subsample': 0.6222666138244232, 'subsample_freq': 8, 'n_estimators': 65}",26,1.7246839078304674,0.44701993876279333,0.03037413922607158
0.5605316328705021,"{'boosting_type': 'gbdt', 'colsample_bytree': 0.5006012650537518, 'learning_rate': 0.06860557285352285, 'limit_max_depth': True, 'max_depth': 40, 'min_child_samples': 15, 'num_leaves': 50, 'reg_alpha': 0.6499584425331786, 'reg_lambda': 0.3095114570769979, 'subsample_for_bin': 84000, 'subsample': 0.9965772930236989, 'subsample_freq': 9, 'n_estimators': 73}",27,3.864061556899776,0.43946836712949783,0.013826936991596216
0.5711717729111062,"{'boosting_type': 'dart', 'colsample_bytree': 0.7788789878299968, 'learning_rate': 0.13501398541665074, 'limit_max_depth': True, 'max_depth': 13, 'min_child_samples': 45, 'num_leaves': 21, 'reg_alpha': 0.9206577063098185, 'reg_lambda': 0.9108466740691041, 'subsample_for_bin': 48000, 'drop_rate': 0.1839383600901035, 'subsample': 0.8287366034252631, 'subsample_freq': 7, 'n_estimators': 57}",28,4.3310122647196065,0.4288282270888938,0.02160596966447287
0.5643952056008914,"{'boosting_type': 'gbdt', 'colsample_bytree': 0.6410977624867122, 'learning_rate': 0.09138342552317355, 'limit_max_depth': True, 'max_depth': 16, 'min_child_samples': 10, 'num_leaves': 34, 'reg_alpha': 0.8984475308796297, 'reg_lambda': 0.5106864174361805, 'subsample_for_bin': 98000, 'subsample': 0.8738322559487032, 'subsample_freq': 7, 'n_estimators': 25}",29,2.6886303139782513,0.43560479439910854,0.019104351071719122
0.5631882761117837,"{'boosting_type': 'dart', 'colsample_bytree': 0.5686449635383686, 'learning_rate': 0.05258862520949339, 'limit_max_depth': True, 'max_depth': 22, 'min_child_samples': 25, 'num_leaves': 28, 'reg_alpha': 0.7102871682771833, 'reg_lambda': 0.14046995528317385, 'subsample_for_bin': 38000, 'drop_rate': 0.11340391723540585, 'subsample': 0.623166669667125, 'subsample_freq': 10, 'n_estimators': 67}",30,3.8146446334104667,0.43681172388821626,0.012831541432327181
0.5622551000743317,"{'boosting_type': 'gbdt', 'colsample_bytree': 0.6493531010631736, 'learning_rate': 0.12294553327429354, 'limit_max_depth': True, 'max_depth': 11, 'min_child_samples': 20, 'num_leaves': 18, 'reg_alpha': 0.6020844372852759, 'reg_lambda': 0.8825242766218642, 'subsample_for_bin': 62000, 'subsample': 0.6529182021910763, 'subsample_freq': 1, 'n_estimators': 61}",31,2.103769341635325,0.4377448999256684,0.010440765423895302
0.5812978029753053,"{'boosting_type': 'dart', 'colsample_bytree': 0.966952847304401, 'learning_rate': 0.16397926079725433, 'limit_max_depth': False, 'max_depth': -1, 'min_child_samples': 30, 'num_leaves': 5, 'reg_alpha': 0.467962203853964, 'reg_lambda': 0.5275584085723415, 'subsample_for_bin': 76000, 'drop_rate': 0.36563953622391987, 'subsample': 0.8177301541582995, 'subsample_freq': 4, 'n_estimators': 72}",32,3.5082713136462305,0.41870219702469463,0.01597478468986838
0.5616791248646975,"{'boosting_type': 'gbdt', 'colsample_bytree': 0.5392367800164817, 'learning_rate': 0.07706916940670004, 'limit_max_depth': True, 'max_depth': 18, 'min_child_samples': 10, 'num_leaves': 37, 'reg_alpha': 0.8845959930556965, 'reg_lambda': 0.7171206412973706, 'subsample_for_bin': 52000, 'subsample': 0.898892702163374, 'subsample_freq': 6, 'n_estimators': 88}",33,3.8631245605855837,0.4383208751353025,0.022160769863513386
0.5765206387762101,"{'boosting_type': 'dart', 'colsample_bytree': 0.6921888470240587, 'learning_rate': 0.04112791237743463, 'limit_max_depth': True, 'max_depth': 3, 'min_child_samples': 15, 'num_leaves': 42, 'reg_alpha': 0.3361661290261874, 'reg_lambda': 0.09575593385222611, 'subsample_for_bin': 22000, 'drop_rate': 0.2235562114629036, 'subsample': 0.5713695085397705, 'subsample_freq': 8, 'n_estimators': 87}",34,3.353152710740301,0.42347936122378993,0.01471992954109051
0.5655506393833262,"{'boosting_type': 'gbdt', 'colsample_bytree': 0.5662275666183635, 'learning_rate': 0.16147082714327274, 'limit_max_depth': False, 'max_depth': -1, 'min_child_samples': 55, 'num_leaves': 31, 'reg_alpha': 0.568327721283274, 'reg_lambda': 0.25430039355303263, 'subsample_for_bin': 4000, 'subsample': 0.8133751088557951, 'subsample_freq': 10, 'n_estimators': 51}",35,1.8595741119634794,0.43444936061667383,0.015430913184829077
0.565908267644897,"{'boosting_type': 'gbdt', 'colsample_bytree': 0.9257480301245384, 'learning_rate': 0.09876983767528638, 'limit_max_depth': True, 'max_depth': 10, 'min_child_samples': 5, 'num_leaves': 14, 'reg_alpha': 0.7177125995115996, 'reg_lambda': 0.33485463544104066, 'subsample_for_bin': 22000, 'subsample': 0.5873804809164351, 'subsample_freq': 8, 'n_estimators': 93}",36,2.8543213112579906,0.43409173235510307,0.010273443252333384
0.5673774684602353,"{'boosting_type': 'dart', 'colsample_bytree': 0.6670939125993179, 'learning_rate': 0.0730806783060623, 'limit_max_depth': True, 'max_depth': 19, 'min_child_samples': 40, 'num_leaves': 37, 'reg_alpha': 0.27541173450917256, 'reg_lambda': 0.7686933828861888, 'subsample_for_bin': 64000, 'drop_rate': 0.4865259560587775, 'subsample': 0.5064299654770219, 'subsample_freq': 1, 'n_estimators': 55}",37,5.467212668872298,0.43262253153976465,0.019746951198990302
0.5757563208511003,"{'boosting_type': 'goss', 'colsample_bytree': 0.7970042404381261, 'learning_rate': 0.05945319560280438, 'limit_max_depth': False, 'max_depth': -1, 'min_child_samples': 30, 'num_leaves': 22, 'reg_alpha': 0.8464425307321266, 'reg_lambda': 0.858670873353676, 'subsample_for_bin': 34000, 'subsample': 1.0, 'subsample_freq': 0, 'n_estimators': 58}",38,1.773536328147634,0.42424367914889966,0.024730869472303844
0.5748121880056877,"{'boosting_type': 'gbdt', 'colsample_bytree': 0.7102739171586283, 'learning_rate': 0.11935666049367832, 'limit_max_depth': True, 'max_depth': 8, 'min_child_samples': 10, 'num_leaves': 27, 'reg_alpha': 0.7606292996306449, 'reg_lambda': 0.6532370556248108, 'subsample_for_bin': 44000, 'subsample': 0.705878905433275, 'subsample_freq': 2, 'n_estimators': 54}",39,2.499070780407851,0.4251878119943123,0.030480290753228438
0.5602081470407191,"{'boosting_type': 'dart', 'colsample_bytree': 0.5249476092273687, 'learning_rate': 0.08370858462655996, 'limit_max_depth': True, 'max_depth': 11, 'min_child_samples': 35, 'num_leaves': 25, 'reg_alpha': 0.4969923655546529, 'reg_lambda': 0.9956901374003582, 'subsample_for_bin': 18000, 'drop_rate': 0.15683845218610593, 'subsample': 0.7836702837747656, 'subsample_freq': 5, 'n_estimators': 32}",40,2.7769422955383107,0.4397918529592809,0.009697718863660745
0.5755116349455369,"{'boosting_type': 'gbdt', 'colsample_bytree': 0.6193601569742773, 'learning_rate': 0.03692118898740018, 'limit_max_depth': False, 'max_depth': -1, 'min_child_samples': 20, 'num_leaves': 48, 'reg_alpha': 0.6015343880184444, 'reg_lambda': 0.3590995108033976, 'subsample_for_bin': 56000, 'subsample': 0.9702417941050304, 'subsample_freq': 5, 'n_estimators': 99}",41,5.947011232034083,0.424488365054463,0.015118158992638691
0.5770319163505778,"{'boosting_type': 'goss', 'colsample_bytree': 0.5648493577093342, 'learning_rate': 0.030117436601626836, 'limit_max_depth': True, 'max_depth': 6, 'min_child_samples': 45, 'num_leaves': 39, 'reg_alpha': 0.9306855399749735, 'reg_lambda': 0.45486141023144333, 'subsample_for_bin': 70000, 'subsample': 1.0, 'subsample_freq': 0, 'n_estimators': 33}",42,1.679635291475074,0.4229680836494222,0.025567400386835994
0.5666318169008048,"{'boosting_type': 'dart', 'colsample_bytree': 0.8576107207049756, 'learning_rate': 0.2010272269051849, 'limit_max_depth': True, 'max_depth': 15, 'min_child_samples': 15, 'num_leaves': 12, 'reg_alpha': 0.9606065967799016, 'reg_lambda': 0.22457346580078555, 'subsample_for_bin': 30000, 'drop_rate': 0.3367479125009747, 'subsample': 0.9023623462528654, 'subsample_freq': 3, 'n_estimators': 86}",43,6.726397549977287,0.4333681830991952,0.014282220606669681
0.5572007375769861,"{'boosting_type': 'gbdt', 'colsample_bytree': 0.5952952974810785, 'learning_rate': 0.059067219755188714, 'limit_max_depth': True, 'max_depth': 21, 'min_child_samples': 5, 'num_leaves': 32, 'reg_alpha': 0.8551915637574709, 'reg_lambda': 0.5533010038691327, 'subsample_for_bin': 10000, 'subsample': 0.7279685639019474, 'subsample_freq': 6, 'n_estimators': 101}",44,4.820411408332779,0.44279926242301393,0.029173789449018803
0.5639239713554467,"{'boosting_type': 'goss', 'colsample_bytree': 0.5472562637267686, 'learning_rate': 0.09515667946185277, 'limit_max_depth': False, 'max_depth': -1, 'min_child_samples': 80, 'num_leaves': 17, 'reg_alpha': 0.4271039494770593, 'reg_lambda': 0.370428679294456, 'subsample_for_bin': 42000, 'subsample': 1.0, 'subsample_freq': 0, 'n_estimators': 102}",45,1.571091437276391,0.4360760286445533,0.027700700692381543
0.5723788582662076,"{'boosting_type': 'gbdt', 'colsample_bytree': 0.6913682787822556, 'learning_rate': 0.04722781177730374, 'limit_max_depth': True, 'max_depth': 9, 'min_child_samples': 55, 'num_leaves': 5, 'reg_alpha': 0.730362089975649, 'reg_lambda': 0.7755141912702387, 'subsample_for_bin': 50000, 'subsample': 0.9295434348289822, 'subsample_freq': 9, 'n_estimators': 233}",46,2.993117324681316,0.4276211417337924,0.020325912776960543
0.5624794308124604,"{'boosting_type': 'dart', 'colsample_bytree': 0.6299404347968234, 'learning_rate': 0.12300698127613689, 'limit_max_depth': True, 'max_depth': 25, 'min_child_samples': 35, 'num_leaves': 19, 'reg_alpha': 0.7988625021167373, 'reg_lambda': 0.08245964905497555, 'subsample_for_bin': 24000, 'drop_rate': 0.4168972207652891, 'subsample': 0.6142662218793763, 'subsample_freq': 6, 'n_estimators': 93}",47,7.81558976172837,0.43752056918753957,0.011598779387092273
0.5673201470332098,"{'boosting_type': 'goss', 'colsample_bytree': 0.65231285864982, 'learning_rate': 0.14847233514902292, 'limit_max_depth': False, 'max_depth': -1, 'min_child_samples': 25, 'num_leaves': 34, 'reg_alpha': 0.6153785160907022, 'reg_lambda': 0.19322121115335267, 'subsample_for_bin': 66000, 'subsample': 1.0, 'subsample_freq': 0, 'n_estimators': 98}",48,2.3966896428668862,0.43267985296679023,0.014719721980770841
0.5576573120206512,"{'boosting_type': 'dart', 'colsample_bytree': 0.8207625749527798, 'learning_rate': 0.18806465228506497, 'limit_max_depth': True, 'max_depth': 12, 'min_child_samples': 10, 'num_leaves': 29, 'reg_alpha': 0.525015294955921, 'reg_lambda': 0.014205486934562389, 'subsample_for_bin': 34000, 'drop_rate': 0.24235305620982364, 'subsample': 0.7444488025889971, 'subsample_freq': 10, 'n_estimators': 117}",49,9.699366137941661,0.4423426879793489,0.026729815345849624
0.5626153549619681,"{'boosting_type': 'gbdt', 'colsample_bytree': 0.776007177332916, 'learning_rate': 0.21486679842306142, 'limit_max_depth': True, 'max_depth': 8, 'min_child_samples': 30, 'num_leaves': 46, 'reg_alpha': 0.6866755339622453, 'reg_lambda': 0.8220865460987948, 'subsample_for_bin': 82000, 'subsample': 0.8277256204799598, 'subsample_freq': 4, 'n_estimators': 47}",50,2.464309227732042,0.4373846450380318,0.017301042301362212
0.560966569059669,"{'boosting_type': 'dart', 'colsample_bytree': 0.5843848835035235, 'learning_rate': 0.06656612860844643, 'limit_max_depth': False, 'max_depth': -1, 'min_child_samples': 15, 'num_leaves': 43, 'reg_alpha': 0.22869498654122428, 'reg_lambda': 0.28943773818743324, 'subsample_for_bin': 60000, 'drop_rate': 0.28004344448550383, 'subsample': 0.6762815780465516, 'subsample_freq': 8, 'n_estimators': 93}",51,11.754440883293501,0.43903343094033104,0.012589690196374277
0.5688281777213314,"{'boosting_type': 'gbdt', 'colsample_bytree': 0.515370345162445, 'learning_rate': 0.08102291389716172, 'limit_max_depth': True, 'max_depth': 40, 'min_child_samples': 65, 'num_leaves': 24, 'reg_alpha': 0.9731401044578489, 'reg_lambda': 0.42925150801856266, 'subsample_for_bin': 98000, 'subsample': 0.55175570385561, 'subsample_freq': 7, 'n_estimators': 62}",52,1.715327366442716,0.43117182227866857,0.019673388190336687
0.5734053530911385,"{'boosting_type': 'goss', 'colsample_bytree': 0.6676771974697674, 'learning_rate': 0.17317753212473552, 'limit_max_depth': True, 'max_depth': 34, 'min_child_samples': 20, 'num_leaves': 39, 'reg_alpha': 0.772557213440207, 'reg_lambda': 0.9916816755581814, 'subsample_for_bin': 54000, 'subsample': 1.0, 'subsample_freq': 0, 'n_estimators': 23}",53,1.7627958460461286,0.42659464690886156,0.011432627628826856
0.56518414747258,"{'boosting_type': 'dart', 'colsample_bytree': 0.8971478195034859, 'learning_rate': 0.04163584266476767, 'limit_max_depth': True, 'max_depth': 4, 'min_child_samples': 10, 'num_leaves': 11, 'reg_alpha': 0.40758081177377303, 'reg_lambda': 0.13276594012708115, 'subsample_for_bin': 18000, 'drop_rate': 0.21073448340435638, 'subsample': 0.5171596483482052, 'subsample_freq': 1, 'n_estimators': 34}",54,2.679144607948615,0.43481585252742005,0.007989671859110828
0.5679805312602941,"{'boosting_type': 'gbdt', 'colsample_bytree': 0.6035200994421192, 'learning_rate': 0.05484233716612683, 'limit_max_depth': True, 'max_depth': 29, 'min_child_samples': 25, 'num_leaves': 14, 'reg_alpha': 0.5017243750976903, 'reg_lambda': 0.7263489134085399, 'subsample_for_bin': 80000, 'subsample': 0.747504101452847, 'subsample_freq': 9, 'n_estimators': 116}",55,2.756662578295186,0.4320194687397059,0.007774826335652949
0.5726526336630589,"{'boosting_type': 'dart', 'colsample_bytree': 0.742407843833502, 'learning_rate': 0.13261076526707397, 'limit_max_depth': False, 'max_depth': -1, 'min_child_samples': 40, 'num_leaves': 26, 'reg_alpha': 0.2951903446876356, 'reg_lambda': 0.5727207022678388, 'subsample_for_bin': 40000, 'drop_rate': 0.1302752143587236, 'subsample': 0.997611716968068, 'subsample_freq': 5, 'n_estimators': 77}",56,5.711153437883536,0.4273473663369412,0.0219498513209483
0.5725694888393255,"{'boosting_type': 'goss', 'colsample_bytree': 0.7071692207816648, 'learning_rate': 0.07256193263922919, 'limit_max_depth': True, 'max_depth': 14, 'min_child_samples': 60, 'num_leaves': 16, 'reg_alpha': 0.1298066495331131, 'reg_lambda': 0.6476008730324114, 'subsample_for_bin': 88000, 'subsample': 1.0, 'subsample_freq': 0, 'n_estimators': 90}",57,1.7455683145553849,0.42743051116067454,0.014746038081074393
0.5731665867744805,"{'boosting_type': 'gbdt', 'colsample_bytree': 0.5504418776996437, 'learning_rate': 0.11561730001091923, 'limit_max_depth': True, 'max_depth': 7, 'min_child_samples': 50, 'num_leaves': 36, 'reg_alpha': 0.8341146581353421, 'reg_lambda': 0.678779125784128, 'subsample_for_bin': 94000, 'subsample': 0.6867202278563365, 'subsample_freq': 2, 'n_estimators': 42}",58,1.6850814443860145,0.4268334132255195,0.007785094484989875
0.5688961372887158,"{'boosting_type': 'dart', 'colsample_bytree': 0.5010042970094645, 'learning_rate': 0.15065750939662778, 'limit_max_depth': True, 'max_depth': 20, 'min_child_samples': 5, 'num_leaves': 40, 'reg_alpha': 0.6347794130952714, 'reg_lambda': 0.4829954663604571, 'subsample_for_bin': 74000, 'drop_rate': 0.44819843198406717, 'subsample': 0.9217507988110267, 'subsample_freq': 3, 'n_estimators': 49}",59,8.478042997772423,0.43110386271128415,0.012836897228116135
0.5618467629538609,"{'boosting_type': 'gbdt', 'colsample_bytree': 0.615383516014792, 'learning_rate': 0.10289316507448042, 'limit_max_depth': True, 'max_depth': 25, 'min_child_samples': 35, 'num_leaves': 33, 'reg_alpha': 0.5713922403693303, 'reg_lambda': 0.9608107023451626, 'subsample_for_bin': 8000, 'subsample': 0.8440011530307081, 'subsample_freq': 8, 'n_estimators': 40}",60,2.4284559338165765,0.43815323704613907,0.024155457986377613
0.5502069795170055,"{'boosting_type': 'dart', 'colsample_bytree': 0.5837940884401358, 'learning_rate': 0.08747145142304939, 'limit_max_depth': False, 'max_depth': -1, 'min_child_samples': 30, 'num_leaves': 48, 'reg_alpha': 0.6965720513788256, 'reg_lambda': 0.0007897920618364362, 'subsample_for_bin': 36000, 'drop_rate': 0.36074836152796985, 'subsample': 0.5948207901538696, 'subsample_freq': 7, 'n_estimators': 86}",61,8.146931412075082,0.4497930204829945,0.022416878391501662
0.5754166099422224,"{'boosting_type': 'gbdt', 'colsample_bytree': 0.7742654364838595, 'learning_rate': 0.06402520933140646, 'limit_max_depth': True, 'max_depth': 3, 'min_child_samples': 15, 'num_leaves': 20, 'reg_alpha': 0.7501943941934768, 'reg_lambda': 0.9044194281717681, 'subsample_for_bin': 26000, 'subsample': 0.9240065359609955, 'subsample_freq': 6, 'n_estimators': 74}",62,1.6770454456634525,0.4245833900577775,0.007406108304739531
0.5746822281104528,"{'boosting_type': 'dart', 'colsample_bytree': 0.7272404279862277, 'learning_rate': 0.03125616541065752, 'limit_max_depth': True, 'max_depth': 11, 'min_child_samples': 20, 'num_leaves': 9, 'reg_alpha': 0.4711022819418618, 'reg_lambda': 0.2512365562961457, 'subsample_for_bin': 30000, 'drop_rate': 0.3152963074858806, 'subsample': 0.7746417604938608, 'subsample_freq': 9, 'n_estimators': 79}",63,4.761381509007788,0.4253177718895472,0.020240637578742844
0.5664948929531339,"{'boosting_type': 'goss', 'colsample_bytree': 0.9864236761426735, 'learning_rate': 0.12896599869580172, 'limit_max_depth': True, 'max_depth': 5, 'min_child_samples': 5, 'num_leaves': 29, 'reg_alpha': 0.39776498109444625, 'reg_lambda': 0.8415849479033283, 'subsample_for_bin': 50000, 'subsample': 1.0, 'subsample_freq': 0, 'n_estimators': 77}",64,2.5548950912304464,0.433505107046866,0.02625993572633179
0.5705459639221542,"{'boosting_type': 'gbdt', 'colsample_bytree': 0.523318939528421, 'learning_rate': 0.04887007039350564, 'limit_max_depth': False, 'max_depth': -1, 'min_child_samples': 45, 'num_leaves': 22, 'reg_alpha': 0.8745179389929529, 'reg_lambda': 0.3283969705424011, 'subsample_for_bin': 14000, 'subsample': 0.7728046060268459, 'subsample_freq': 4, 'n_estimators': 36}",65,2.717338182007734,0.4294540360778458,0.0038635872304421644
0.5551916544505144,"{'boosting_type': 'dart', 'colsample_bytree': 0.5800757129543157, 'learning_rate': 0.08878386332539374, 'limit_max_depth': False, 'max_depth': -1, 'min_child_samples': 30, 'num_leaves': 48, 'reg_alpha': 0.6942629819705638, 'reg_lambda': 0.051758107089299316, 'subsample_for_bin': 36000, 'drop_rate': 0.3573463894345439, 'subsample': 0.5881756316370437, 'subsample_freq': 7, 'n_estimators': 80}",66,9.757095943037985,0.44480834554948556,0.007660516331211357
0.5658307062444329,"{'boosting_type': 'dart', 'colsample_bytree': 0.6318179934800012, 'learning_rate': 0.08688387790675228, 'limit_max_depth': False, 'max_depth': -1, 'min_child_samples': 20, 'num_leaves': 44, 'reg_alpha': 0.8097144917260485, 'reg_lambda': 0.11588677347522282, 'subsample_for_bin': 44000, 'drop_rate': 0.26727980385154365, 'subsample': 0.6921809328317607, 'subsample_freq': 6, 'n_estimators': 72}",67,11.39662813965415,0.4341692937555671,0.028040857247109696
0.5628836174937145,"{'boosting_type': 'dart', 'colsample_bytree': 0.5587131579138218, 'learning_rate': 0.07673899997309783, 'limit_max_depth': False, 'max_depth': -1, 'min_child_samples': 25, 'num_leaves': 48, 'reg_alpha': 0.6600966104627062, 'reg_lambda': 0.0800501605259066, 'subsample_for_bin': 58000, 'drop_rate': 0.3802236851281911, 'subsample': 0.6303353478594348, 'subsample_freq': 8, 'n_estimators': 131}",68,11.836384321654714,0.4371163825062855,0.015776996327148022
0.5682558913970356,"{'boosting_type': 'dart', 'colsample_bytree': 0.5345883677034666, 'learning_rate': 0.11444716320132786, 'limit_max_depth': False, 'max_depth': -1, 'min_child_samples': 30, 'num_leaves': 45, 'reg_alpha': 0.5421229308983817, 'reg_lambda': 0.21808439925755435, 'subsample_for_bin': 20000, 'drop_rate': 0.30053592555616415, 'subsample': 0.5872617159238062, 'subsample_freq': 5, 'n_estimators': 46}",69,5.3045725941211,0.4317441086029644,0.016250984020205934
0.5567825856701677,"{'boosting_type': 'dart', 'colsample_bytree': 0.6796315815805383, 'learning_rate': 0.10025747226311436, 'limit_max_depth': False, 'max_depth': -1, 'min_child_samples': 40, 'num_leaves': 50, 'reg_alpha': 0.7420094562710665, 'reg_lambda': 0.006315188860993569, 'subsample_for_bin': 28000, 'drop_rate': 0.34454174659546283, 'subsample': 0.7294960726224908, 'subsample_freq': 7, 'n_estimators': 138}",70,13.165729841414077,0.4432174143298323,0.020882878991405368
0.5708757846697049,"{'boosting_type': 'dart', 'colsample_bytree': 0.5961349712337947, 'learning_rate': 0.09500548842127124, 'limit_max_depth': False, 'max_depth': -1, 'min_child_samples': 35, 'num_leaves': 35, 'reg_alpha': 0.9362922176724711, 'reg_lambda': 0.15229401794894876, 'subsample_for_bin': 40000, 'drop_rate': 0.2375765051562917, 'subsample': 0.6640206075521704, 'subsample_freq': 6, 'n_estimators': 51}",71,4.859580349131465,0.4291242153302951,0.022785227806716452
0.5635098786415839,"{'boosting_type': 'dart', 'colsample_bytree': 0.6186641374034564, 'learning_rate': 0.05310988784968256, 'limit_max_depth': False, 'max_depth': -1, 'min_child_samples': 10, 'num_leaves': 47, 'reg_alpha': 0.5904932221438195, 'reg_lambda': 0.1902368988201541, 'subsample_for_bin': 68000, 'drop_rate': 0.261275135943594, 'subsample': 0.527822525448467, 'subsample_freq': 8, 'n_estimators': 84}",72,7.79046684412333,0.43649012135841614,0.01639935911140647
0.5748456835870267,"{'boosting_type': 'dart', 'colsample_bytree': 0.6637630305606176, 'learning_rate': 0.07590425571557062, 'limit_max_depth': False, 'max_depth': -1, 'min_child_samples': 25, 'num_leaves': 38, 'reg_alpha': 0.6849190853945927, 'reg_lambda': 0.4515980225449808, 'subsample_for_bin': 46000, 'drop_rate': 0.4007481354700193, 'subsample': 0.7051820675328259, 'subsample_freq': 5, 'n_estimators': 150}",73,13.232948510599863,0.4251543164129733,0.01239036468996964
0.5528912464086515,"{'boosting_type': 'dart', 'colsample_bytree': 0.5022482130022166, 'learning_rate': 0.07014956084394726, 'limit_max_depth': False, 'max_depth': -1, 'min_child_samples': 15, 'num_leaves': 31, 'reg_alpha': 0.7720487158007854, 'reg_lambda': 0.391765529236424, 'subsample_for_bin': 54000, 'drop_rate': 0.18740487998699298, 'subsample': 0.5763772346098436, 'subsample_freq': 4, 'n_estimators': 64}",74,5.5922168039566715,0.4471087535913485,0.021587957613866154
0.5559341863825513,"{'boosting_type': 'dart', 'colsample_bytree': 0.6459009069503263, 'learning_rate': 0.06292975613327047, 'limit_max_depth': False, 'max_depth': -1, 'min_child_samples': 20, 'num_leaves': 41, 'reg_alpha': 0.874411775223326, 'reg_lambda': 0.2763048338020739, 'subsample_for_bin': 30000, 'drop_rate': 0.30342076746696744, 'subsample': 0.5009828782232366, 'subsample_freq': 3, 'n_estimators': 92}",75,8.894620047915577,0.4440658136174487,0.0219197408998513
0.5633436629071069,"{'boosting_type': 'dart', 'colsample_bytree': 0.5363939199770278, 'learning_rate': 0.10977345832018513, 'limit_max_depth': False, 'max_depth': -1, 'min_child_samples': 50, 'num_leaves': 42, 'reg_alpha': 0.8206551091686088, 'reg_lambda': 0.7948245228819775, 'subsample_for_bin': 6000, 'drop_rate': 0.4519436373895505, 'subsample': 0.5500523182231611, 'subsample_freq': 7, 'n_estimators': 64}",76,5.92584149461486,0.43665633709289314,0.00463373076792021
0.554703709419746,"{'boosting_type': 'gbdt', 'colsample_bytree': 0.5756513481642946, 'learning_rate': 0.08286953441678321, 'limit_max_depth': True, 'max_depth': 15, 'min_child_samples': 25, 'num_leaves': 49, 'reg_alpha': 0.6371528737359254, 'reg_lambda': 0.5476778948198279, 'subsample_for_bin': 14000, 'subsample': 0.5089162943684402, 'subsample_freq': 5, 'n_estimators': 75}",77,2.5658719541008397,0.445296290580254,0.01796835072168912
0.5652797493084154,"{'boosting_type': 'dart', 'colsample_bytree': 0.6988887310489034, 'learning_rate': 0.056550276437126366, 'limit_max_depth': True, 'max_depth': 27, 'min_child_samples': 35, 'num_leaves': 45, 'reg_alpha': 0.5280468819445988, 'reg_lambda': 0.03984407357556442, 'subsample_for_bin': 36000, 'drop_rate': 0.2094349896469676, 'subsample': 0.6423168683145923, 'subsample_freq': 9, 'n_estimators': 82}",78,6.9441814526363945,0.43472025069158454,0.024319379521900088
0.5688607050057761,"{'boosting_type': 'goss', 'colsample_bytree': 0.5557616211097806, 'learning_rate': 0.17337452156062885, 'limit_max_depth': False, 'max_depth': -1, 'min_child_samples': 30, 'num_leaves': 27, 'reg_alpha': 0.9954267962457575, 'reg_lambda': 0.17406806606849273, 'subsample_for_bin': 48000, 'subsample': 1.0, 'subsample_freq': 0, 'n_estimators': 67}",79,1.8996946551023028,0.43113929499422393,0.027494826487036834
0.563493480490318,"{'boosting_type': 'gbdt', 'colsample_bytree': 0.7609975186885358, 'learning_rate': 0.15788714808980783, 'limit_max_depth': True, 'max_depth': 21, 'min_child_samples': 15, 'num_leaves': 23, 'reg_alpha': 0.4549709582776471, 'reg_lambda': 0.6064632271796434, 'subsample_for_bin': 24000, 'subsample': 0.7712320255796563, 'subsample_freq': 7, 'n_estimators': 33}",80,2.565438747260896,0.436506519509682,0.003941243333211293
0.555774033669157,"{'boosting_type': 'dart', 'colsample_bytree': 0.5135841349100302, 'learning_rate': 0.09458828558917477, 'limit_max_depth': True, 'max_depth': 16, 'min_child_samples': 10, 'num_leaves': 30, 'reg_alpha': 0.7172313738600231, 'reg_lambda': 0.07375535842403763, 'subsample_for_bin': 52000, 'drop_rate': 0.42037879330809225, 'subsample': 0.6075132705315581, 'subsample_freq': 6, 'n_estimators': 161}",81,13.606187902183773,0.44422596633084294,0.029254881792223002
0.5653501106245606,"{'boosting_type': 'gbdt', 'colsample_bytree': 0.632492306608106, 'learning_rate': 0.04472052574873633, 'limit_max_depth': False, 'max_depth': -1, 'min_child_samples': 40, 'num_leaves': 36, 'reg_alpha': 0.9085075027335672, 'reg_lambda': 0.11401244244354852, 'subsample_for_bin': 64000, 'subsample': 0.5887719311325359, 'subsample_freq': 2, 'n_estimators': 65}",82,2.089809454520173,0.43464988937543936,0.022508108599842112
0.5711623425456371,"{'boosting_type': 'dart', 'colsample_bytree': 0.5942339613991168, 'learning_rate': 0.14199273249597713, 'limit_max_depth': True, 'max_depth': 7, 'min_child_samples': 55, 'num_leaves': 32, 'reg_alpha': 0.7889447506890078, 'reg_lambda': 0.2223014531384727, 'subsample_for_bin': 32000, 'drop_rate': 0.28489051455666, 'subsample': 0.5480527605075899, 'subsample_freq': 9, 'n_estimators': 31}",83,3.182403449232834,0.4288376574543628,0.020282530624466995
0.5657381575994634,"{'boosting_type': 'goss', 'colsample_bytree': 0.7253847677064719, 'learning_rate': 0.1262705556082654, 'limit_max_depth': True, 'max_depth': 31, 'min_child_samples': 20, 'num_leaves': 43, 'reg_alpha': 0.5721374498719233, 'reg_lambda': 0.34856437762994275, 'subsample_for_bin': 58000, 'subsample': 1.0, 'subsample_freq': 0, 'n_estimators': 89}",84,2.5064961682866853,0.43426184240053656,0.027231069986062235
0.561361754238395,"{'boosting_type': 'gbdt', 'colsample_bytree': 0.6556580247649736, 'learning_rate': 0.1069731096130481, 'limit_max_depth': False, 'max_depth': -1, 'min_child_samples': 5, 'num_leaves': 26, 'reg_alpha': 0.3344271242471459, 'reg_lambda': 0.5065443456917278, 'subsample_for_bin': 78000, 'subsample': 0.8549450459195512, 'subsample_freq': 3, 'n_estimators': 73}",85,3.226537254643472,0.43863824576160504,0.02127945634359975
0.5537463787942589,"{'boosting_type': 'dart', 'colsample_bytree': 0.6829278508751939, 'learning_rate': 0.08460998352742244, 'limit_max_depth': True, 'max_depth': 14, 'min_child_samples': 45, 'num_leaves': 19, 'reg_alpha': 0.4891781197809222, 'reg_lambda': 0.30968152831982804, 'subsample_for_bin': 2000, 'drop_rate': 0.32622393924422927, 'subsample': 0.700850169147771, 'subsample_freq': 4, 'n_estimators': 67}",86,5.196124113325413,0.4462536212057411,0.018750640966290043
0.559271748295265,"{'boosting_type': 'dart', 'colsample_bytree': 0.799206689239748, 'learning_rate': 0.060717736114936555, 'limit_max_depth': True, 'max_depth': 24, 'min_child_samples': 10, 'num_leaves': 40, 'reg_alpha': 0.6263045741065618, 'reg_lambda': 0.004215614924911543, 'subsample_for_bin': 72000, 'drop_rate': 0.3741735796795076, 'subsample': 0.763672483577709, 'subsample_freq': 2, 'n_estimators': 65}",87,8.681742033103546,0.44072825170473495,0.014352526312318977
0.5816085042376402,"{'boosting_type': 'gbdt', 'colsample_bytree': 0.6084168748147859, 'learning_rate': 0.025322544620662073, 'limit_max_depth': False, 'max_depth': -1, 'min_child_samples': 30, 'num_leaves': 28, 'reg_alpha': 0.694167280238723, 'reg_lambda': 0.7000100394123325, 'subsample_for_bin': 40000, 'subsample': 0.9367243055656167, 'subsample_freq': 10, 'n_estimators': 20}",88,2.0378923741148354,0.4183914957623598,0.015954320976960763
0.5714374489344304,"{'boosting_type': 'dart', 'colsample_bytree': 0.5467839892364276, 'learning_rate': 0.06946444206384653, 'limit_max_depth': True, 'max_depth': 6, 'min_child_samples': 25, 'num_leaves': 13, 'reg_alpha': 0.9576800062530735, 'reg_lambda': 0.9402558075319513, 'subsample_for_bin': 44000, 'drop_rate': 0.14570483005760237, 'subsample': 0.8009970042078074, 'subsample_freq': 10, 'n_estimators': 75}",89,3.159229528173955,0.4285625510655696,0.02009333156799463
0.5595459108853356,"{'boosting_type': 'goss', 'colsample_bytree': 0.5139705911253435, 'learning_rate': 0.07992322528515802, 'limit_max_depth': True, 'max_depth': 20, 'min_child_samples': 15, 'num_leaves': 24, 'reg_alpha': 0.8525225139773451, 'reg_lambda': 0.3774846161889482, 'subsample_for_bin': 18000, 'subsample': 1.0, 'subsample_freq': 0, 'n_estimators': 126}",90,2.7666568898401693,0.44045408911466444,0.021013513381948613
0.5721355170393149,"{'boosting_type': 'gbdt', 'colsample_bytree': 0.835985289296011, 'learning_rate': 0.11402894512347934, 'limit_max_depth': False, 'max_depth': -1, 'min_child_samples': 50, 'num_leaves': 38, 'reg_alpha': 0.6668958670193996, 'reg_lambda': 0.7500343935222419, 'subsample_for_bin': 34000, 'subsample': 0.5527051748603443, 'subsample_freq': 4, 'n_estimators': 31}",91,1.5860832203998143,0.42786448296068513,0.0181281453000685
0.5953926942809171,"{'boosting_type': 'dart', 'colsample_bytree': 0.5687027649266687, 'learning_rate': 0.03860380013246487, 'limit_max_depth': True, 'max_depth': 2, 'min_child_samples': 75, 'num_leaves': 7, 'reg_alpha': 0.5143960603213666, 'reg_lambda': 0.4119102511331293, 'subsample_for_bin': 12000, 'drop_rate': 0.24484219352126838, 'subsample': 0.847202432628178, 'subsample_freq': 7, 'n_estimators': 120}",92,3.0354420355905405,0.4046073057190829,0.02503659069032054
0.5617487780196775,"{'boosting_type': 'gbdt', 'colsample_bytree': 0.592443786783473, 'learning_rate': 0.20038580646966153, 'limit_max_depth': True, 'max_depth': 13, 'min_child_samples': 35, 'num_leaves': 21, 'reg_alpha': 0.4269606878088119, 'reg_lambda': 0.6493433113085512, 'subsample_for_bin': 62000, 'subsample': 0.6789527632913099, 'subsample_freq': 8, 'n_estimators': 53}",93,1.8925283860222861,0.43825122198032257,0.010843524941143339
0.5616661716491793,"{'boosting_type': 'dart', 'colsample_bytree': 0.5430631670066157, 'learning_rate': 0.07361610924557757, 'limit_max_depth': False, 'max_depth': -1, 'min_child_samples': 20, 'num_leaves': 33, 'reg_alpha': 0.6009327929447229, 'reg_lambda': 0.44563265395476626, 'subsample_for_bin': 26000, 'drop_rate': 0.4750462193441667, 'subsample': 0.6508020500042327, 'subsample_freq': 8, 'n_estimators': 70}",94,7.836795974737106,0.43833382835082063,0.02568822699647365
0.568740763884449,"{'boosting_type': 'goss', 'colsample_bytree': 0.7038667930363074, 'learning_rate': 0.09267385425503409, 'limit_max_depth': True, 'max_depth': 37, 'min_child_samples': 60, 'num_leaves': 16, 'reg_alpha': 0.7326857289903899, 'reg_lambda': 0.8754113879282608, 'subsample_for_bin': 48000, 'subsample': 1.0, 'subsample_freq': 0, 'n_estimators': 101}",95,2.5969309186282317,0.43125923611555095,0.0096054529726311
0.5636364000974734,"{'boosting_type': 'gbdt', 'colsample_bytree': 0.8743287009615424, 'learning_rate': 0.18042259166145327, 'limit_max_depth': True, 'max_depth': 18, 'min_child_samples': 5, 'num_leaves': 49, 'reg_alpha': 0.36534127170221076, 'reg_lambda': 0.5770433059123357, 'subsample_for_bin': 56000, 'subsample': 0.6309345659827887, 'subsample_freq': 1, 'n_estimators': 35}",96,3.4407360489752135,0.43636359990252666,0.016275847711787084
0.5529622483403086,"{'boosting_type': 'dart', 'colsample_bytree': 0.9380532837957687, 'learning_rate': 0.13649098207555962, 'limit_max_depth': False, 'max_depth': -1, 'min_child_samples': 30, 'num_leaves': 47, 'reg_alpha': 0.5479054651082875, 'reg_lambda': 0.2637355846756627, 'subsample_for_bin': 22000, 'drop_rate': 0.1648376169949241, 'subsample': 0.5650421787926219, 'subsample_freq': 5, 'n_estimators': 75}",97,8.350288903249202,0.4470377516596914,0.01136343865949796
0.5569345804649908,"{'boosting_type': 'dart', 'colsample_bytree': 0.5266770581623662, 'learning_rate': 0.14767032281396436, 'limit_max_depth': True, 'max_depth': 16, 'min_child_samples': 15, 'num_leaves': 36, 'reg_alpha': 0.07730411114331065, 'reg_lambda': 0.026666954705124646, 'subsample_for_bin': 42000, 'drop_rate': 0.19634919814540783, 'subsample': 0.6027582113201154, 'subsample_freq': 6, 'n_estimators': 53}",98,5.805330567925739,0.4430654195350092,0.01475920364590767
0.5646594150046843,"{'boosting_type': 'gbdt', 'colsample_bytree': 0.6091807582188294, 'learning_rate': 0.09807579561372057, 'limit_max_depth': True, 'max_depth': 23, 'min_child_samples': 40, 'num_leaves': 25, 'reg_alpha': 0.9007910715555407, 'reg_lambda': 0.30244432192254816, 'subsample_for_bin': 36000, 'subsample': 0.7992106466523579, 'subsample_freq': 9, 'n_estimators': 67}",99,2.8160740501838517,0.4353405849953157,0.023477401131262385
0.5875991479655244,"{'boosting_type': 'dart', 'colsample_bytree': 0.7168144274994254, 'learning_rate': 0.03342224698758368, 'limit_max_depth': False, 'max_depth': -1, 'min_child_samples': 10, 'num_leaves': 3, 'reg_alpha': 0.783915055725233, 'reg_lambda': 0.5328818612193511, 'subsample_for_bin': 70000, 'drop_rate': 0.3148242851259827, 'subsample': 0.53083194133386, 'subsample_freq': 7, 'n_estimators': 164}",100,3.8341368884665825,0.41240085203447563,0.014268969659963259
